datetime,open,high,low,close,volume
2026-07-06 17:00:00,4155.08,4161.61,4150.44,4161.49,0
2026-07-06 18:00:00,4161.34,4167.53,4155.48,4163.89,0
2026-07-06 19:00:00,4163.93,4165.41,4158.93,4163.77,0
2026-07-06 20:00:00,4163.86,4165.25,4160.83,4165.23,0
2026-07-06 22:00:00,4165.21,4168.53,4163.83,4164.59,0
2026-07-06 23:00:00,4164.35,4165.76,4157.04,4157.43,0
2026-07-07 00:00:00,4157.41,4162.71,4145.38,4146.05,0
2026-07-07 01:00:00,4146.14,4148.07,4126.25,4141.94,0
2026-07-07 02:00:00,4141.98,4145.4,4131.51,4136.64,0
2026-07-07 03:00:00,4136.78,4140.1,4124.69,4131.2,0
2026-07-07 04:00:00,4131.22,4141.32,4126.09,4126.82,0
2026-07-07 05:00:00,4126.83,4131.38,4117.18,4124.04,0
2026-07-07 06:00:00,4124.09,4132.98,4121.7,4130.55,0
2026-07-07 07:00:00,4130.5,4133.65,4124.5,4125.05,0
2026-07-07 08:00:00,4124.93,4139.11,4122.15,4126.14,0
2026-07-07 09:00:00,4126.11,4133.83,4119.96,4131.21,0
2026-07-07 10:00:00,4131.27,4138.96,4131.27,4135.54,0
2026-07-07 11:00:00,4135.79,4158.2,4132.01,4156.8,0
2026-07-07 12:00:00,4156.95,4174.75,4154.86,4172.3,0
2026-07-07 13:00:00,4172.29,4180.34,4156.28,4158.81,0
2026-07-07 14:00:00,4158.72,4163.34,4143.82,4154.42,0
2026-07-07 15:00:00,4154.32,4155.46,4135.98,4139.05,0
2026-07-07 16:00:00,4139.07,4147.29,4137.08,4145.09,0
2026-07-07 17:00:00,4145.14,4148.3,4140.86,4144.65,0
2026-07-07 18:00:00,4144.64,4145.27,4125.25,4126.96,0
2026-07-07 19:00:00,4127.1,4127.68,4092.36,4114.69,0
2026-07-07 20:00:00,4114.28,4115.88,4103.62,4106.24,0
2026-07-07 22:00:00,4099.56,4106.27,4094.25,4098.78,0
2026-07-07 23:00:00,4098.58,4107.91,4096.26,4098.43,0
2026-07-08 00:00:00,4098.66,4126.37,4097.26,4111.56,0
2026-07-08 01:00:00,4111.62,4117.82,4096.59,4111.4,0
2026-07-08 02:00:00,4111.28,4124.93,4106.13,4114.63,0
2026-07-08 03:00:00,4114.66,4131.05,4114.66,4123.79,0
2026-07-08 04:00:00,4123.6,4129.0,4120.72,4125.22,0
2026-07-08 05:00:00,4125.23,4133.97,4121.79,4127.71,0
2026-07-08 06:00:00,4127.92,4133.54,4122.27,4123.65,0
2026-07-08 07:00:00,4123.67,4127.24,4114.97,4120.88,0
2026-07-08 08:00:00,4121.24,4121.24,4052.49,4057.04,0
2026-07-08 09:00:00,4056.82,4061.01,4041.58,4043.41,0
2026-07-08 10:00:00,4043.43,4058.29,4040.8,4053.16,0
2026-07-08 11:00:00,4053.15,4072.53,4042.01,4062.06,0
2026-07-08 12:00:00,4062.21,4086.08,4059.01,4072.15,0
2026-07-08 13:00:00,4072.34,4082.93,4065.58,4070.84,0
2026-07-08 14:00:00,4070.91,4071.53,4034.21,4041.17,0
2026-07-08 15:00:00,4040.98,4043.67,4021.92,4034.42,0
2026-07-08 16:00:00,4034.31,4064.43,4033.4,4063.72,0
2026-07-08 17:00:00,4063.78,4076.36,4059.84,4066.24,0
2026-07-08 18:00:00,4065.74,4091.38,4063.84,4084.12,0
2026-07-08 19:00:00,4084.38,4091.3,4078.81,4080.21,0
2026-07-08 20:00:00,4080.18,4083.56,4071.63,4077.43,0
2026-07-08 22:00:00,4076.35,4080.66,4072.42,4076.66,0
2026-07-08 23:00:00,4076.64,4077.83,4072.08,4076.29,0
2026-07-09 00:00:00,4076.27,4089.53,4070.53,4074.11,0
2026-07-09 01:00:00,4074.15,4078.79,4062.5,4073.04,0
2026-07-09 02:00:00,4072.98,4082.73,4064.64,4065.14,0
2026-07-09 03:00:00,4065.14,4067.65,4054.4,4064.06,0
2026-07-09 04:00:00,4064.21,4064.6,4056.67,4064.52,0
2026-07-09 05:00:00,4064.4,4084.27,4063.84,4082.08,0
2026-07-09 06:00:00,4082.04,4108.1,4081.86,4108.1,0
2026-07-09 07:00:00,4108.02,4111.17,4101.65,4108.15,0
2026-07-09 08:00:00,4108.02,4117.75,4105.41,4108.42,0
2026-07-09 09:00:00,4108.41,4112.03,4103.33,4106.47,0
2026-07-09 10:00:00,4106.39,4110.09,4094.26,4099.15,0
2026-07-09 11:00:00,4099.15,4110.54,4098.04,4108.85,0
2026-07-09 12:00:00,4108.73,4122.55,4105.27,4107.9,0
2026-07-09 13:00:00,4107.81,4129.57,4106.94,4121.98,0
2026-07-09 14:00:00,4121.99,4135.98,4114.49,4127.88,0
2026-07-09 15:00:00,4127.84,4132.77,4124.94,4127.15,0
2026-07-09 16:00:00,4126.96,4138.01,4125.79,4128.6,0
2026-07-09 17:00:00,4128.19,4138.06,4125.18,4136.25,0
2026-07-09 18:00:00,4136.25,4136.41,4121.65,4124.61,0
2026-07-09 19:00:00,4124.6,4127.03,4119.25,4122.71,0
2026-07-09 20:00:00,4122.53,4125.64,4120.63,4123.6,0
2026-07-09 22:00:00,4125.77,4127.11,4121.73,4122.38,0
2026-07-09 23:00:00,4121.82,4125.13,4121.19,4123.54,0
2026-07-10 00:00:00,4123.54,4128.23,4114.64,4126.41,0
2026-07-10 01:00:00,4126.31,4130.95,4108.91,4117.02,0
2026-07-10 02:00:00,4116.99,4129.07,4116.28,4127.09,0
2026-07-10 03:00:00,4127.81,4134.81,4119.64,4120.37,0
2026-07-10 04:00:00,4120.37,4121.25,4112.22,4115.34,0
2026-07-10 05:00:00,4115.28,4117.27,4108.54,4117.15,0
2026-07-10 06:00:00,4116.9,4120.14,4111.22,4111.79,0
2026-07-10 07:00:00,4111.97,4115.39,4104.47,4109.04,0
2026-07-10 08:00:00,4109.0,4109.58,4094.97,4098.06,0
2026-07-10 09:00:00,4098.03,4105.52,4094.7,4104.49,0
2026-07-10 10:00:00,4104.49,4112.66,4104.49,4104.7,0
2026-07-10 11:00:00,4104.74,4108.23,4096.3,4102.39,0
2026-07-10 12:00:00,4102.39,4116.43,4097.76,4100.89,0
2026-07-10 13:00:00,4100.82,4106.71,4085.83,4100.3,0
2026-07-10 14:00:00,4100.0,4108.81,4073.74,4093.01,0
2026-07-10 15:00:00,4092.95,4113.35,4091.64,4113.03,0
2026-07-10 16:00:00,4113.1,4115.49,4104.57,4104.58,0
2026-07-10 17:00:00,4104.64,4106.92,4100.58,4100.83,0
2026-07-10 18:00:00,4100.76,4105.1,4098.2,4101.2,0
2026-07-10 19:00:00,4101.29,4109.05,4098.01,4108.5,0
2026-07-10 20:00:00,4108.55,4120.16,4108.44,4119.41,0
2026-07-13 00:00:00,4084.54,4091.15,4061.37,4074.04,0
2026-07-13 01:00:00,4074.04,4089.74,4065.67,4072.12,0
2026-07-13 02:00:00,4072.4,4077.48,4064.9,4068.95,0
2026-07-13 03:00:00,4068.74,4069.43,4053.22,4060.56,0
2026-07-13 04:00:00,4060.59,4060.59,4050.46,4058.98,0
2026-07-13 05:00:00,4058.94,4072.95,4052.48,4053.93,0
2026-07-13 06:00:00,4053.8,4063.63,4044.31,4055.97,0
2026-07-13 07:00:00,4055.66,4065.14,4049.24,4064.77,0
2026-07-13 08:00:00,4064.73,4080.73,4063.31,4074.62,0
2026-07-13 09:00:00,4074.68,4076.7,4068.27,4068.36,0
2026-07-13 10:00:00,4068.35,4070.64,4047.6,4060.72,0
2026-07-13 11:00:00,4060.78,4068.28,4055.14,4056.53,0
2026-07-13 12:00:00,4056.53,4067.52,4054.04,4067.52,0
2026-07-13 13:00:00,4067.46,4067.46,4042.37,4043.31,0
2026-07-13 14:00:00,4043.3,4046.94,4000.63,4014.71,0
2026-07-13 15:00:00,4015.38,4020.22,4010.48,4014.93,0
2026-07-13 16:00:00,4016.1,4017.9,3986.74,3993.3,0
2026-07-13 17:00:00,3993.39,4001.85,3992.24,3993.23,0
2026-07-13 18:00:00,3993.27,4005.16,3986.92,4001.55,0
2026-07-13 19:00:00,4001.55,4004.57,3993.59,4002.14,0
2026-07-13 20:00:00,4002.04,4006.19,3997.06,4001.73,0
2026-07-13 22:00:00,4006.97,4006.97,4001.16,4001.16,0
2026-07-13 23:00:00,4001.06,4003.17,3992.84,4001.28,0
2026-07-14 00:00:00,4001.16,4007.24,3985.7,4004.21,0
2026-07-14 01:00:00,4004.27,4012.27,3992.52,4010.5,0
2026-07-14 02:00:00,4010.61,4019.11,4006.15,4012.43,0
2026-07-14 03:00:00,4012.44,4019.08,4011.44,4016.78,0
2026-07-14 04:00:00,4016.93,4023.39,4013.75,4020.36,0
2026-07-14 05:00:00,4020.36,4034.22,4019.74,4031.57,0
2026-07-14 06:00:00,4031.47,4033.15,4021.9,4023.99,0
2026-07-14 07:00:00,4024.08,4029.92,4020.31,4020.92,0
2026-07-14 08:00:00,4020.83,4023.89,4014.78,4016.13,0
2026-07-14 09:00:00,4016.13,4024.24,4013.9,4021.7,0
2026-07-14 10:00:00,4021.82,4022.95,4015.3,4021.87,0
2026-07-14 11:00:00,4021.81,4031.89,4015.62,4031.31,0
2026-07-14 12:00:00,4031.35,4101.98,4023.39,4075.94,0
2026-07-14 13:00:00,4076.31,4088.56,4071.39,4076.8,0
2026-07-14 14:00:00,4076.66,4087.46,4071.17,4085.44,0
2026-07-14 15:00:00,4085.23,4100.47,4064.77,4066.39,0
2026-07-14 16:00:00,4066.28,4066.87,4057.95,4061.62,0
2026-07-14 17:00:00,4061.62,4065.03,4054.55,4063.08,0
2026-07-14 18:00:00,4062.93,4063.15,4043.19,4054.25,0
2026-07-14 19:00:00,4054.25,4057.3,4047.87,4055.55,0
2026-07-14 20:00:00,4055.79,4056.41,4049.47,4052.85,0
2026-07-14 22:00:00,4053.12,4053.78,4048.66,4049.0,0
2026-07-14 23:00:00,4049.1,4056.09,4046.93,4052.96,0
2026-07-15 00:00:00,4053.03,4060.5,4051.16,4059.14,0
2026-07-15 01:00:00,4059.16,4062.01,4035.78,4037.59,0
2026-07-15 02:00:00,4037.42,4042.2,4029.37,4035.36,0
2026-07-15 03:00:00,4035.35,4040.41,4028.35,4031.37,0
2026-07-15 04:00:00,4031.41,4035.17,4028.35,4033.26,0
2026-07-15 05:00:00,4033.24,4036.64,4022.73,4033.86,0
2026-07-15 06:00:00,4034.86,4035.28,4021.5,4032.14,0
2026-07-15 07:00:00,4032.17,4034.34,4019.86,4024.48,0
2026-07-15 08:00:00,4024.5,4033.25,4017.54,4031.24,0
2026-07-15 09:00:00,4031.24,4034.31,4025.65,4030.32,0
2026-07-15 10:00:00,4030.35,4035.93,4026.78,4028.4,0
2026-07-15 11:00:00,4028.2,4040.24,4027.79,4038.38,0
2026-07-15 12:00:00,4038.44,4071.46,4036.02,4067.58,0
2026-07-15 13:00:00,4067.89,4074.0,4054.34,4061.27,0
2026-07-15 14:00:00,4061.73,4065.93,4053.44,4060.37,0
2026-07-15 15:00:00,4060.45,4062.8,4039.89,4047.02,0
2026-07-15 16:00:00,4047.01,4047.85,4027.07,4033.96,0
2026-07-15 17:00:00,4033.8,4066.13,4033.14,4062.36,0
2026-07-15 18:00:00,4062.36,4080.16,4058.14,4059.17,0
2026-07-15 19:00:00,4059.23,4062.99,4048.11,4056.85,0
2026-07-15 20:00:00,4057.05,4063.2,4055.3,4060.55,0
2026-07-15 22:00:00,4065.14,4066.27,4058.34,4059.75,0
2026-07-15 23:00:00,4059.74,4062.11,4055.82,4057.96,0
2026-07-16 00:00:00,4058.0,4061.08,4044.31,4044.67,0
2026-07-16 01:00:00,4044.7,4050.52,4034.14,4039.1,0
2026-07-16 02:00:00,4039.15,4040.05,4024.71,4031.85,0
2026-07-16 03:00:00,4031.54,4036.96,4027.91,4036.37,0
2026-07-16 04:00:00,4036.36,4037.86,4032.06,4033.27,0
2026-07-16 05:00:00,4033.27,4033.98,4025.7,4027.39,0
2026-07-16 06:00:00,4027.43,4036.28,4023.43,4030.77,0
2026-07-16 07:00:00,4030.72,4031.88,4023.21,4030.87,0
2026-07-16 08:00:00,4030.84,4036.6,4025.46,4035.39,0
2026-07-16 09:00:00,4035.38,4037.56,4030.59,4031.9,0
2026-07-16 10:00:00,4031.81,4034.69,4028.78,4029.66,0
2026-07-16 11:00:00,4029.64,4042.22,4021.54,4038.43,0
2026-07-16 12:00:00,4038.53,4043.41,3990.75,3993.06,0
2026-07-16 13:00:00,3992.48,4008.52,3974.55,3990.43,0
2026-07-16 14:00:00,3990.33,4006.55,3987.43,3997.92,0
2026-07-16 15:00:00,3997.96,4016.88,3989.58,4007.06,0
2026-07-16 16:00:00,4007.02,4007.67,3982.84,3992.13,0
2026-07-16 17:00:00,3992.1,3992.87,3980.42,3984.75,0
2026-07-16 18:00:00,3984.69,3990.46,3976.67,3980.48,0
2026-07-16 19:00:00,3980.43,3986.15,3969.75,3979.92,0
2026-07-16 20:00:00,3980.02,3980.16,3972.02,3976.51,0
2026-07-16 22:00:00,3978.28,3980.42,3973.32,3978.44,0
2026-07-16 23:00:00,3978.41,3986.54,3975.72,3986.14,0
2026-07-17 00:00:00,3986.15,3992.02,3980.84,3991.95,0
2026-07-17 01:00:00,3991.95,3996.06,3979.39,3983.38,0
2026-07-17 02:00:00,3983.35,3987.33,3971.08,3979.11,0
2026-07-17 03:00:00,3979.32,4008.07,3979.01,3991.47,0
2026-07-17 04:00:00,3991.52,3991.74,3980.36,3981.83,0
2026-07-17 05:00:00,3981.84,3991.5,3975.45,3985.16,0
2026-07-17 06:00:00,3985.16,4007.16,3985.16,3999.39,0
2026-07-17 07:00:00,3999.42,4002.43,3992.85,3993.01,0
2026-07-17 08:00:00,3992.88,3999.86,3988.14,3994.26,0
2026-07-17 09:00:00,3994.25,4002.49,3992.95,3998.07,0
2026-07-17 10:00:00,3998.1,3999.18,3990.72,3990.95,0
2026-07-17 11:00:00,3990.94,3998.87,3990.11,3994.21,0
2026-07-17 12:00:00,3994.13,3995.61,3964.36,3966.3,0
2026-07-17 13:00:00,3966.26,4003.11,3959.92,3997.43,0
2026-07-17 14:00:00,3997.28,4003.96,3990.45,4001.36,0
2026-07-17 15:00:00,4001.21,4020.99,3997.96,4019.04,0
2026-07-17 16:00:00,4019.23,4023.73,4011.47,4014.9,0
2026-07-17 17:00:00,4015.07,4019.12,4008.63,4010.09,0
2026-07-17 18:00:00,4010.3,4016.13,4006.72,4011.5,0
2026-07-17 19:00:00,4011.39,4016.56,4002.47,4015.02,0
2026-07-17 20:00:00,4015.4,4018.52,4008.78,4016.53,0
2026-07-20 00:00:00,3995.57,4010.25,3982.83,4008.65,0
2026-07-20 01:00:00,4008.68,4020.52,3995.91,4002.27,0
2026-07-20 02:00:00,4002.25,4028.74,4001.45,4021.99,0
2026-07-20 03:00:00,4021.94,4027.95,4018.72,4024.16,0
2026-07-20 04:00:00,4024.18,4026.79,4018.6,4018.95,0
2026-07-20 05:00:00,4018.95,4021.2,4005.58,4008.79,0
2026-07-20 06:00:00,4008.81,4011.83,4003.15,4003.95,0
2026-07-20 07:00:00,4003.95,4021.86,4002.45,4017.02,0
2026-07-20 08:00:00,4017.26,4029.73,4017.26,4019.28,0
2026-07-20 09:00:00,4019.13,4023.33,4015.03,4021.24,0
2026-07-20 10:00:00,4021.47,4025.65,4018.42,4024.26,0
2026-07-20 11:00:00,4024.27,4040.42,4019.95,4025.39,0
2026-07-20 12:00:00,4025.38,4025.38,4006.9,4008.26,0
2026-07-20 13:00:00,4008.29,4017.43,4005.99,4006.0,0
2026-07-20 14:00:00,4005.92,4013.43,3998.47,4006.24,0
2026-07-20 15:00:00,4006.23,4019.49,4004.68,4011.97,0
2026-07-20 16:00:00,4011.95,4018.4,4002.13,4009.88,0
2026-07-20 17:00:00,4009.85,4012.96,4003.83,4005.32,0
2026-07-20 18:00:00,4005.33,4011.85,4003.52,4007.47,0
2026-07-20 19:00:00,4007.37,4017.63,4004.47,4007.05,0
2026-07-20 20:00:00,4006.98,4009.48,4005.94,4008.13,0
2026-07-20 22:00:00,4010.3,4010.67,3999.95,4000.6,0
2026-07-20 23:00:00,4000.56,4010.57,4000.43,4010.09,0
2026-07-21 00:00:00,4010.02,4027.09,4003.98,4024.91,0
2026-07-21 01:00:00,4024.95,4035.59,4018.64,4023.4,0
2026-07-21 02:00:00,4023.32,4044.59,4022.18,4038.17,0
2026-07-21 03:00:00,4038.17,4050.85,4036.91,4047.14,0
2026-07-21 04:00:00,4047.08,4051.59,4043.84,4049.67,0
2026-07-21 05:00:00,4049.67,4067.93,4046.5,4061.64,0
2026-07-21 06:00:00,4061.63,4084.12,4061.63,4078.7,0
2026-07-21 07:00:00,4078.53,4079.36,4067.78,4071.41,0
2026-07-21 08:00:00,4071.43,4072.41,4059.31,4063.23,0
2026-07-21 09:00:00,4062.94,4069.63,4061.24,4066.03,0
2026-07-21 10:00:00,4066.0,4070.19,4061.12,4062.98,0
2026-07-21 11:00:00,4063.02,4063.72,4054.54,4056.07,0
2026-07-21 12:00:00,4056.14,4065.51,4051.44,4054.16,0
2026-07-21 13:00:00,4054.1,4061.75,4044.87,4053.11,0
2026-07-21 14:00:00,4053.19,4073.76,4051.95,4068.72,0
2026-07-21 15:00:00,4068.62,4083.32,4065.94,4074.35,0
2026-07-21 16:00:00,4074.27,4079.23,4070.01,4071.62,0
2026-07-21 17:00:00,4071.62,4072.72,4066.9,4068.54,0
2026-07-21 18:00:00,4068.74,4086.52,4067.88,4082.33,0
2026-07-21 19:00:00,4082.35,4085.6,4080.19,4084.9,0
2026-07-21 20:00:00,4085.15,4086.26,4076.75,4077.8,0
2026-07-21 22:00:00,4079.95,4085.1,4077.18,4080.6,0
2026-07-21 23:00:00,4080.57,4082.92,4079.36,4080.98,0
2026-07-22 00:00:00,4080.76,4101.45,4076.94,4096.83,0
2026-07-22 01:00:00,4097.58,4123.51,4096.97,4122.09,0
2026-07-22 02:00:00,4122.3,4130.93,4119.18,4130.85,0
2026-07-22 03:00:00,4130.67,4141.67,4129.58,4130.95,0
2026-07-22 04:00:00,4130.95,4131.23,4124.96,4127.01,0
2026-07-22 05:00:00,4127.03,4134.1,4123.3,4131.09,0
2026-07-22 06:00:00,4131.14,4135.2,4113.53,4116.53,0
2026-07-22 07:00:00,4116.53,4122.9,4109.46,4110.58,0
2026-07-22 08:00:00,4110.72,4120.12,4110.72,4118.42,0
2026-07-22 09:00:00,4118.38,4122.39,4113.44,4115.08,0
2026-07-22 10:00:00,4115.09,4121.77,4115.09,4117.61,0
2026-07-22 11:00:00,4117.64,4123.05,4112.9,4122.7,0
2026-07-22 12:00:00,4122.67,4134.31,4108.78,4113.24,0
2026-07-22 13:00:00,4113.01,4155.79,4112.91,4154.51,0
2026-07-22 14:00:00,4154.59,4163.36,4144.21,4148.8,0
2026-07-22 15:00:00,4148.59,4166.04,4148.59,4159.36,0
2026-07-22 16:00:00,4159.37,4159.37,4144.63,4146.95,0
2026-07-22 17:00:00,4146.9,4147.95,4138.52,4142.42,0
2026-07-22 18:00:00,4142.48,4142.75,4132.09,4136.07,0
2026-07-22 19:00:00,4136.11,4137.24,4129.07,4132.19,0
2026-07-22 20:00:00,4130.64,4137.89,4128.5,4130.22,0
2026-07-22 22:00:00,4117.87,4138.83,4104.74,4121.86,0
2026-07-22 23:00:00,4121.84,4134.17,4116.88,4133.49,0
2026-07-23 00:00:00,4133.51,4134.74,4125.3,4132.27,0
2026-07-23 01:00:00,4132.17,4141.01,4114.53,4118.09,0
2026-07-23 02:00:00,4117.99,4128.6,4112.44,4128.09,0
2026-07-23 03:00:00,4128.18,4132.99,4124.26,4124.83,0
2026-07-23 04:00:00,4124.77,4130.36,4120.18,4121.29,0
2026-07-23 05:00:00,4121.28,4130.37,4119.73,4124.24,0
2026-07-23 06:00:00,4124.24,4128.26,4117.04,4118.68,0
2026-07-23 07:00:00,4118.69,4119.48,4090.44,4095.46,0
2026-07-23 08:00:00,4095.51,4097.7,4087.18,4093.39,0
2026-07-23 09:00:00,4093.51,4099.44,4088.59,4089.95,0
2026-07-23 10:00:00,4089.97,4095.32,4086.32,4093.46,0
2026-07-23 11:00:00,4093.3,4093.85,4073.89,4085.83,0
2026-07-23 12:00:00,4085.77,4085.77,4061.18,4062.17,0
2026-07-23 13:00:00,4061.9,4067.08,4040.91,4043.23,0
2026-07-23 14:00:00,4043.38,4061.75,4040.37,4058.17,0
2026-07-23 15:00:00,4058.02,4059.43,4042.53,4048.81,0
2026-07-23 16:00:00,4048.8,4051.84,4045.95,4051.4,0
2026-07-23 17:00:00,4051.52,4054.64,4041.74,4041.97,0
2026-07-23 18:00:00,4041.88,4048.46,4040.9,4046.23,0
2026-07-23 19:00:00,4046.13,4051.01,4043.11,4050.17,0
2026-07-23 20:00:00,4050.46,4051.13,4047.55,4049.48,0
2026-07-23 22:00:00,4050.16,4050.59,4048.67,4049.63,0
2026-07-23 23:00:00,4049.63,4050.54,4046.81,4047.16,0
2026-07-24 00:00:00,4047.18,4050.57,4041.43,4049.83,0
2026-07-24 01:00:00,4049.92,4050.28,4040.75,4043.78,0
2026-07-24 02:00:00,4043.73,4048.18,4023.26,4024.78,0
2026-07-24 03:00:00,4024.61,4033.59,4023.32,4029.45,0
2026-07-24 04:00:00,4029.45,4030.42,4025.7,4027.16,0
2026-07-24 05:00:00,4027.16,4032.21,4022.17,4023.17,0
2026-07-24 06:00:00,4023.13,4039.05,4023.13,4035.94,0
2026-07-24 07:00:00,4035.82,4053.64,4035.3,4048.4,0
2026-07-24 08:00:00,4048.43,4058.72,4045.29,4057.62,0
2026-07-24 09:00:00,4057.68,4060.68,4051.97,4059.72,0
2026-07-24 10:00:00,4059.9,4063.95,4057.35,4060.21,0
2026-07-24 11:00:00,4060.13,4063.47,4051.6,4057.96,0
2026-07-24 12:00:00,4057.89,4060.11,4051.84,4056.14,0
2026-07-24 13:00:00,4056.15,4068.69,4045.05,4067.42,0
2026-07-24 14:00:00,4067.65,4069.9,4056.18,4063.39,0
2026-07-24 15:00:00,4063.41,4082.1,4062.0,4077.27,0
2026-07-24 16:00:00,4077.42,4078.22,4064.28,4067.12,0
2026-07-24 17:00:00,4067.13,4069.89,4063.07,4063.46,0
2026-07-24 18:00:00,4063.47,4064.55,4051.35,4054.47,0
2026-07-24 19:00:00,4054.5,4058.01,4049.37,4054.07,0
2026-07-24 20:00:00,4053.8,4056.23,4051.82,4053.39,0
2026-07-27 00:00:00,4094.23,4116.04,4090.9,4100.94,0
2026-07-27 01:00:00,4100.97,4112.54,4097.05,4110.02,0
2026-07-27 02:00:00,4110.21,4110.99,4093.82,4093.9,0
2026-07-27 03:00:00,4093.74,4095.87,4085.21,4091.04,0
2026-07-27 04:00:00,4091.03,4092.88,4087.12,4090.33,0
2026-07-27 05:00:00,4090.32,4094.8,4084.59,4092.98,0
2026-07-27 06:00:00,4093.24,4099.29,4091.39,4096.28,0
2026-07-27 07:00:00,4096.2,4106.0,4088.66,4088.69,0
2026-07-27 08:00:00,4088.91,4096.98,4087.52,4095.4,0
2026-07-27 09:00:00,4095.32,4100.39,4090.7,4096.34,0
2026-07-27 10:00:00,4096.18,4102.44,4086.64,4099.59,0
2026-07-27 11:00:00,4099.61,4104.03,4093.91,4094.0,0
2026-07-27 12:00:00,4093.98,4097.7,4081.82,4084.21,0
2026-07-27 13:00:00,4083.81,4089.52,4070.77,4074.4,0
2026-07-27 14:00:00,4074.29,4079.11,4065.59,4076.33,0
2026-07-27 15:00:00,4076.28,4079.73,4072.06,4078.58,0
2026-07-27 16:00:00,4078.57,4093.86,4078.0,4082.48,0
2026-07-27 17:00:00,4082.43,4082.43,4070.77,4076.45,0
2026-07-27 18:00:00,4076.45,4079.46,4073.07,4077.95,0
2026-07-27 19:00:00,4077.94,4089.26,4076.29,4083.26,0
2026-07-27 20:00:00,4083.38,4084.0,4075.42,4076.81,0
2026-07-27 22:00:00,4079.11,4082.65,4071.13,4074.26,0
2026-07-27 23:00:00,4074.27,4075.15,4070.0,4073.43,0
2026-07-28 00:00:00,4073.43,4074.22,4057.86,4058.46,0
2026-07-28 01:00:00,4058.13,4060.22,4042.79,4045.32,0
2026-07-28 02:00:00,4045.27,4048.99,4040.91,4042.25,0
2026-07-28 03:00:00,4042.19,4051.09,4040.55,4049.44,0
2026-07-28 04:00:00,4049.55,4049.69,4041.88,4042.09,0
2026-07-28 05:00:00,4042.31,4046.36,4035.02,4045.31,0
2026-07-28 06:00:00,4045.32,4052.43,4043.09,4048.4,0
2026-07-28 07:00:00,4048.44,4052.44,4046.29,4047.39,0
2026-07-28 08:00:00,4047.39,4055.19,4041.84,4045.53,0
2026-07-28 09:00:00,4045.58,4046.02,4019.66,4023.64,0
2026-07-28 10:00:00,4023.54,4028.63,4017.17,4026.63,0
2026-07-28 11:00:00,4026.66,4032.3,4023.32,4028.12,0
2026-07-28 12:00:00,4028.18,4038.16,4023.08,4029.67,0
2026-07-28 13:00:00,4029.59,4036.06,4020.58,4022.19,0
2026-07-28 14:00:00,4022.22,4033.27,4011.85,4024.79,0
2026-07-28 15:00:00,4024.62,4047.13,4022.34,4046.38,0
2026-07-28 16:00:00,4046.24,4046.52,4036.78,4037.67,0
2026-07-28 17:00:00,4037.63,4041.36,4025.94,4027.94,0
2026-07-28 18:00:00,4027.93,4030.5,4021.81,4023.07,0
2026-07-28 19:00:00,4023.11,4028.1,4022.15,4026.34,0
2026-07-28 20:00:00,4026.56,4030.55,4022.74,4029.58,0
2026-07-28 22:00:00,4027.22,4030.54,4014.25,4018.46,0
2026-07-28 23:00:00,4018.47,4026.38,4015.18,4024.98,0
2026-07-29 00:00:00,4025.01,4029.44,4017.77,4022.09,0
2026-07-29 01:00:00,4022.06,4030.59,4010.55,4026.22,0
2026-07-29 02:00:00,4026.12,4037.74,4023.27,4029.58,0
2026-07-29 03:00:00,4029.58,4032.73,4023.38,4023.72,0
2026-07-29 04:00:00,4023.72,4027.75,4020.78,4027.36,0
2026-07-29 05:00:00,4027.35,4040.11,4026.8,4033.11,0
2026-07-29 06:00:00,4033.16,4044.77,4033.16,4041.2,0
2026-07-29 07:00:00,4041.25,4047.77,4041.2,4043.82,0
2026-07-29 08:00:00,4043.87,4044.47,4035.81,4037.67,0
2026-07-29 09:00:00,4037.68,4038.36,4031.47,4032.65,0
2026-07-29 10:00:00,4032.74,4034.42,4026.17,4027.73,0
2026-07-29 11:00:00,4027.54,4036.17,4025.19,4032.82,0
2026-07-29 12:00:00,4032.83,4033.42,4009.46,4022.8,0
2026-07-29 13:00:00,4022.7,4026.36,4002.72,4007.11,0
2026-07-29 14:00:00,4007.33,4010.06,3996.07,4005.07,0
2026-07-29 15:00:00,4004.97,4013.85,4003.63,4010.01,0
2026-07-29 16:00:00,4009.87,4032.75,4007.7,4027.34,0
2026-07-29 17:00:00,4027.31,4050.6,4027.31,4043.9,0
2026-07-29 18:00:00,4044.2,4109.76,4042.95,4107.22,0
2026-07-29 19:00:00,4106.96,4116.44,4044.57,4044.57,0
2026-07-29 20:00:00,4044.85,4074.78,4043.25,4074.78,0
2026-07-29 22:00:00,4069.55,4090.64,4064.68,4088.38,0
2026-07-29 23:00:00,4088.61,4100.24,4084.57,4084.65,0
2026-07-30 00:00:00,4084.7,4086.73,4065.1,4072.25,0
2026-07-30 01:00:00,4072.27,4092.92,4070.91,4084.73,0
2026-07-30 02:00:00,4084.71,4090.31,4063.9,4064.27,0
2026-07-30 03:00:00,4063.77,4069.99,4051.04,4058.97,0
2026-07-30 04:00:00,4058.98,4060.22,4044.51,4046.11,0
2026-07-30 05:00:00,4046.11,4051.28,4028.78,4033.77,0
2026-07-30 06:00:00,4033.8,4040.54,4029.55,4036.68,0
2026-07-30 07:00:00,4036.76,4051.14,4035.75,4038.93,0
2026-07-30 08:00:00,4039.02,4072.83,4036.94,4061.5,0
2026-07-30 09:00:00,4061.52,4072.88,4060.53,4063.48,0
2026-07-30 10:00:00,4063.44,4083.03,4063.22,4078.41,0
2026-07-30 11:00:00,4078.33,4082.79,4075.9,4078.01,0
2026-07-30 12:00:00,4077.88,4086.34,4067.36,4069.37,0
2026-07-30 13:00:00,4069.21,4112.61,4065.42,4112.34,0
2026-07-30 14:00:00,4112.35,4120.04,4087.43,4100.08,0
2026-07-30 15:00:00,4100.13,4110.13,4083.39,4108.21,0
2026-07-30 16:00:00,4108.21,4119.28,4106.77,4110.34,0
2026-07-30 17:00:00,4110.8,4111.29,4098.89,4102.84,0
2026-07-30 18:00:00,4102.69,4107.77,4098.85,4100.0,0
2026-07-30 19:00:00,4099.86,4115.37,4098.92,4111.65,0
2026-07-30 20:00:00,4112.03,4117.4,4099.27,4103.36,0
2026-07-30 22:00:00,4104.24,4111.29,4102.74,4109.24,0
2026-07-30 23:00:00,4109.3,4111.86,4102.35,4105.77,0
2026-07-31 00:00:00,4105.99,4106.88,4090.63,4094.93,0
2026-07-31 01:00:00,4094.81,4101.65,4082.11,4084.51,0
2026-07-31 02:00:00,4084.45,4090.47,4074.29,4076.3,0
2026-07-31 03:00:00,4076.26,4079.55,4072.16,4075.12,0
2026-07-31 04:00:00,4075.12,4081.4,4073.53,4080.07,0
2026-07-31 05:00:00,4080.1,4083.31,4073.59,4073.98,0
2026-07-31 06:00:00,4074.43,4087.5,4072.97,4077.86,0
2026-07-31 07:00:00,4077.82,4079.07,4067.77,4067.77,0
2026-07-31 08:00:00,4067.8,4067.8,4054.57,4061.16,0
2026-07-31 09:00:00,4061.14,4064.02,4050.45,4055.14,0
2026-07-31 10:00:00,4055.19,4058.37,4052.17,4054.58,0
2026-07-31 11:00:00,4054.56,4061.06,4050.89,4053.75,0
2026-07-31 12:00:00,4053.73,4059.39,4040.67,4040.87,0
2026-07-31 13:00:00,4040.82,4046.73,4022.46,4025.75,0
2026-07-31 14:00:00,4025.53,4050.22,4021.31,4049.22,0
2026-07-31 15:00:00,4049.21,4052.27,4036.83,4045.69,0
2026-07-31 16:00:00,4045.65,4049.83,4041.34,4043.49,0
2026-07-31 17:00:00,4043.42,4054.73,4041.71,4053.72,0
2026-07-31 18:00:00,4053.74,4055.2,4047.25,4050.89,0
2026-07-31 19:00:00,4050.88,4055.59,4047.05,4050.95,0
2026-07-31 20:00:00,4051.1,4053.21,4045.21,4046.92,0
2026-08-03 00:00:00,4075.03,4078.99,4055.82,4057.19,0
2026-08-03 01:00:00,4057.21,4063.03,4047.52,4056.87,0
2026-08-03 02:00:00,4056.75,4066.92,4052.37,4062.57,0
2026-08-03 03:00:00,4062.52,4067.91,4059.48,4065.3,0
2026-08-03 04:00:00,4065.16,4071.86,4064.05,4064.05,0
2026-08-03 05:00:00,4064.0,4069.91,4054.31,4068.99,0
2026-08-03 06:00:00,4069.02,4071.98,4060.76,4063.93,0
2026-08-03 07:00:00,4064.0,4065.2,4052.58,4061.27,0
2026-08-03 08:00:00,4061.13,4062.44,4054.63,4059.53,0
2026-08-03 09:00:00,4059.53,4062.14,4046.72,4055.34,0
2026-08-03 10:00:00,4055.35,4057.04,4046.34,4049.22,0
2026-08-03 11:00:00,4049.43,4063.21,4045.74,4062.63,0
2026-08-03 12:00:00,4062.55,4064.61,4042.54,4047.94,0
2026-08-03 13:00:00,4047.76,4053.36,4019.48,4032.06,0
2026-08-03 14:00:00,4032.13,4039.19,4026.9,4036.41,0
2026-08-03 15:00:00,4036.33,4041.04,4030.64,4036.35,0
2026-08-03 16:00:00,4036.19,4039.31,4034.78,4036.98,0
2026-08-03 17:00:00,4036.98,4037.82,4030.37,4030.56,0
2026-08-03 18:00:00,4030.6,4045.02,4029.91,4043.56,0
2026-08-03 19:00:00,4043.51,4055.83,4043.51,4051.92,0
2026-08-03 20:00:00,4052.05,4058.02,4050.27,4054.45,0
2026-08-03 22:00:00,4054.02,4054.9,4049.4,4052.89,0
2026-08-03 23:00:00,4052.89,4055.09,4050.31,4053.92,0
2026-08-04 00:00:00,4053.98,4069.18,4048.84,4049.08,0
2026-08-04 01:00:00,4049.33,4061.85,4042.78,4058.77,0
2026-08-04 02:00:00,4058.79,4065.06,4055.87,4059.08,0
2026-08-04 03:00:00,4059.08,4061.69,4052.28,4052.6,0
2026-08-04 04:00:00,4052.61,4066.16,4051.29,4063.82,0
2026-08-04 05:00:00,4063.86,4067.8,4057.47,4061.91,0
2026-08-04 06:00:00,4062.04,4066.24,4055.98,4063.54,0
2026-08-04 07:00:00,4063.56,4066.77,4060.91,4065.53,0
2026-08-04 08:00:00,4065.57,4072.84,4054.78,4055.12,0
2026-08-04 09:00:00,4055.14,4055.38,4046.7,4049.83,0
2026-08-04 10:00:00,4049.83,4060.59,4045.88,4053.89,0
2026-08-04 11:00:00,4053.94,4084.26,4052.46,4075.07,0
2026-08-04 12:00:00,4075.1,4084.42,4061.17,4071.28,0
2026-08-04 13:00:00,4070.98,4093.8,4061.58,4084.41,0
2026-08-04 14:00:00,4084.27,4091.88,4074.65,4083.63,0
2026-08-04 15:00:00,4083.64,4088.82,4075.06,4087.1,0
2026-08-04 16:00:00,4087.29,4093.59,4083.18,4093.43,0
2026-08-04 17:00:00,4093.42,4105.75,4086.35,4086.42,0
2026-08-04 18:00:00,4086.25,4089.02,4075.35,4079.97,0
2026-08-04 19:00:00,4079.96,4084.76,4076.48,4078.55,0
2026-08-04 20:00:00,4078.65,4080.38,4074.79,4077.95,0
2026-08-04 22:00:00,4079.01,4085.89,4075.9,4075.97,0
2026-08-04 23:00:00,4075.87,4077.15,4065.64,4072.67,0
2026-08-05 00:00:00,4072.61,4083.55,4070.56,4082.49,0
2026-08-05 01:00:00,4082.55,4102.56,4077.83,4101.5,0
2026-08-05 02:00:00,4101.55,4135.33,4095.75,4129.29,0
2026-08-05 03:00:00,4129.3,4136.57,4127.27,4128.35,0
2026-08-05 04:00:00,4128.36,4141.35,4128.36,4135.58,0
2026-08-05 05:00:00,4135.53,4172.84,4134.85,4161.78,0
2026-08-05 06:00:00,4161.69,4178.45,4160.41,4177.85,0
2026-08-05 07:00:00,4177.62,4179.53,4162.4,4170.92,0
2026-08-05 08:00:00,4170.92,4172.55,4159.31,4160.74,0
2026-08-05 09:00:00,4160.66,4167.12,4153.21,4158.14,0
2026-08-05 10:00:00,4158.08,4161.59,4150.33,4161.55,0
2026-08-05 11:00:00,4161.51,4192.68,4161.07,4188.99,0
2026-08-05 12:00:00,4188.94,4213.44,4183.28,4184.02,0
2026-08-05 13:00:00,4183.99,4206.84,4183.99,4205.94,0
2026-08-05 14:00:00,4206.17,4247.5,4203.88,4244.34,0
2026-08-05 15:00:00,4244.26,4265.0,4232.59,4232.77,0
2026-08-05 16:00:00,4232.9,4247.38,4224.94,4242.38,0
2026-08-05 17:00:00,4242.39,4252.37,4237.11,4250.34,0
2026-08-05 18:00:00,4250.35,4267.64,4249.42,4261.08,0
2026-08-05 19:00:00,4260.96,4262.1,4246.41,4247.66,0
2026-08-05 20:00:00,4247.09,4249.66,4243.15,4247.26,0
2026-08-05 22:00:00,4247.75,4256.91,4245.77,4250.1,0
2026-08-05 23:00:00,4250.1,4281.96,4249.25,4278.26,0
2026-08-06 00:00:00,4278.23,4300.29,4264.68,4295.0,0
2026-08-06 01:00:00,4294.87,4302.51,4273.04,4286.63,0
2026-08-06 02:00:00,4286.62,4303.94,4275.33,4278.79,0
2026-08-06 03:00:00,4278.64,4280.94,4260.79,4265.65,0
2026-08-06 04:00:00,4265.75,4267.24,4253.07,4262.26,0
2026-08-06 05:00:00,4262.26,4268.41,4247.5,4267.2,0
2026-08-06 06:00:00,4267.28,4268.58,4249.55,4256.23,0
2026-08-06 07:00:00,4256.2,4265.42,4252.75,4262.91,0
2026-08-06 08:00:00,4262.73,4278.81,4260.39,4278.28,0
2026-08-06 09:00:00,4278.3,4284.75,4271.37,4273.02,0
2026-08-06 10:00:00,4273.01,4273.58,4264.76,4270.87,0
2026-08-06 11:00:00,4270.87,4273.34,4254.39,4263.48,0
2026-08-06 12:00:00,4263.39,4270.8,4249.48,4250.32,0
2026-08-06 13:00:00,4250.31,4274.17,4231.0,4267.41,0
2026-08-06 14:00:00,4267.19,4275.17,4260.44,4272.99,0
2026-08-06 15:00:00,4273.05,4274.34,4229.97,4233.42,0
2026-08-06 16:00:00,4233.84,4243.0,4223.53,4241.27,0
2026-08-06 17:00:00,4241.45,4248.12,4238.6,4247.22,0
2026-08-06 18:00:00,4247.23,4249.71,4240.83,4243.5,0
2026-08-06 19:00:00,4243.51,4251.34,4233.14,4248.89,0
2026-08-06 20:00:00,4248.92,4250.17,4234.77,4239.48,0
2026-08-06 22:00:00,4241.09,4243.61,4235.95,4240.88,0
2026-08-06 23:00:00,4240.84,4253.25,4240.44,4252.44,0
2026-08-07 00:00:00,4252.43,4252.72,4229.99,4232.79,0
2026-08-07 01:00:00,4232.79,4259.4,4231.93,4256.83,0
2026-08-07 02:00:00,4256.89,4261.52,4247.28,4250.31,0
2026-08-07 03:00:00,4250.32,4266.41,4249.77,4266.23,0
2026-08-07 04:00:00,4266.23,4269.05,4260.87,4264.99,0
2026-08-07 05:00:00,4265.0,4280.59,4262.08,4278.85,0
2026-08-07 06:00:00,4278.74,4298.79,4278.55,4297.45,0
2026-08-07 07:00:00,4297.36,4297.74,4283.09,4290.09,0
2026-08-07 08:00:00,4290.19,4316.45,4289.27,4306.2,0
2026-08-07 09:00:00,4306.23,4320.2,4302.66,4316.17,0
2026-08-07 10:00:00,4316.16,4320.76,4308.24,4316.93,0
2026-08-07 11:00:00,4316.93,4327.63,4316.93,4321.24,0
2026-08-07 12:00:00,4321.27,4371.84,4302.26,4361.14,0
2026-08-07 13:00:00,4361.42,4367.79,4339.27,4347.91,0
2026-08-07 14:00:00,4348.09,4352.74,4328.13,4341.5,0
2026-08-07 15:00:00,4341.6,4358.52,4339.99,4341.01,0
2026-08-07 16:00:00,4341.09,4349.63,4329.25,4329.32,0
2026-08-07 17:00:00,4329.27,4343.04,4328.05,4340.27,0
2026-08-07 18:00:00,4340.29,4342.95,4332.31,4333.97,0
2026-08-07 19:00:00,4335.86,4350.34,4335.86,4344.07,0
2026-08-07 20:00:00,4343.02,4345.32,4336.08,4341.41,0
2026-08-10 00:00:00,4333.11,4347.2,4330.91,4332.48,0
2026-08-10 01:00:00,4332.34,4340.52,4313.48,4322.56,0
2026-08-10 02:00:00,4322.54,4332.34,4318.86,4319.74,0
2026-08-10 03:00:00,4319.7,4329.81,4317.84,4326.77,0
2026-08-10 04:00:00,4326.77,4339.61,4323.41,4339.5,0
2026-08-10 05:00:00,4339.5,4352.22,4332.03,4347.77,0
2026-08-10 06:00:00,4347.39,4359.89,4342.11,4358.24,0
2026-08-10 07:00:00,4358.18,4361.79,4350.23,4355.49,0
2026-08-10 08:00:00,4355.5,4356.77,4343.97,4346.92,0
2026-08-10 09:00:00,4346.71,4350.06,4340.92,4341.4,0
2026-08-10 10:00:00,4341.3,4344.2,4335.57,4335.8,0
2026-08-10 11:00:00,4335.83,4339.45,4329.11,4335.13,0
2026-08-10 12:00:00,4335.16,4337.12,4324.32,4332.84,0
2026-08-10 13:00:00,4332.62,4339.9,4316.78,4317.97,0
2026-08-10 14:00:00,4318.0,4351.69,4318.0,4345.44,0
2026-08-10 15:00:00,4345.48,4359.48,4343.6,4358.46,0
2026-08-10 16:00:00,4358.48,4364.64,4351.02,4356.9,0
2026-08-10 17:00:00,4356.91,4365.29,4351.99,4360.22,0
2026-08-10 18:00:00,4360.28,4382.94,4359.98,4378.61,0
2026-08-10 19:00:00,4378.64,4395.23,4378.64,4388.51,0
2026-08-10 20:00:00,4388.42,4392.08,4386.12,4389.74,0
2026-08-10 22:00:00,4389.81,4400.61,4387.5,4399.09,0
2026-08-10 23:00:00,4399.71,4402.55,4394.8,4402.35,0
2026-08-11 00:00:00,4402.34,4419.28,4396.78,4409.68,0
2026-08-11 01:00:00,4409.56,4434.05,4394.01,4429.51,0
2026-08-11 02:00:00,4429.8,4435.16,4408.16,4410.97,0
2026-08-11 03:00:00,4410.93,4421.61,4410.02,4416.88,0
2026-08-11 04:00:00,4416.87,4420.29,4403.59,4408.93,0
2026-08-11 05:00:00,4408.96,4409.03,4367.84,4375.47,0
2026-08-11 06:00:00,4375.35,4382.56,4360.0,4366.09,0
2026-08-11 07:00:00,4366.31,4367.67,4356.83,4357.58,0
2026-08-11 08:00:00,4357.72,4376.71,4357.26,4369.27,0
2026-08-11 09:00:00,4369.21,4375.55,4367.69,4372.46,0
2026-08-11 10:00:00,4372.48,4382.56,4371.45,4382.46,0
2026-08-11 11:00:00,4382.46,4392.96,4380.75,4387.8,0
2026-08-11 12:00:00,4387.81,4400.08,4384.0,4392.57,0
2026-08-11 13:00:00,4392.56,4404.13,4384.72,4389.4,0
2026-08-11 14:00:00,4389.47,4397.85,4381.86,4394.39,0
2026-08-11 15:00:00,4394.21,4398.73,4369.33,4383.85,0
2026-08-11 16:00:00,4383.88,4385.8,4378.55,4383.98,0
2026-08-11 17:00:00,4383.47,4385.71,4369.15,4369.39,0
2026-08-11 18:00:00,4369.23,4372.71,4360.36,4371.6,0
2026-08-11 19:00:00,4371.64,4374.25,4361.45,4370.88,0
2026-08-11 20:00:00,4370.82,4371.16,4367.25,4368.95,0
2026-08-11 22:00:00,4371.15,4378.29,4367.34,4369.04,0
2026-08-11 23:00:00,4369.07,4374.54,4362.63,4371.58,0
2026-08-12 00:00:00,4371.58,4383.67,4366.69,4380.65,0
2026-08-12 01:00:00,4380.65,4397.41,4378.63,4396.49,0
2026-08-12 02:00:00,4396.47,4414.42,4394.37,4411.34,0
2026-08-12 03:00:00,4411.27,4415.56,4400.96,4402.28,0
2026-08-12 04:00:00,4402.3,4403.26,4395.59,4401.12,0
2026-08-12 05:00:00,4401.12,4404.84,4384.09,4391.56,0
2026-08-12 06:00:00,4391.13,4406.28,4385.26,4403.46,0
2026-08-12 07:00:00,4403.52,4410.01,4398.37,4406.24,0
2026-08-12 08:00:00,4406.35,4410.44,4401.89,4401.9,0
2026-08-12 09:00:00,4401.9,4423.88,4401.9,4416.11,0
2026-08-12 10:00:00,4415.98,4421.01,4408.39,4412.82,0
2026-08-12 11:00:00,4412.82,4416.79,4408.07,4412.89,0
2026-08-12 12:00:00,4412.91,4438.19,4386.59,4437.26,0
2026-08-12 13:00:00,4437.42,4441.14,4408.91,4427.85,0
2026-08-12 14:00:00,4427.66,4439.66,4416.64,4422.53,0
2026-08-12 15:00:00,4422.15,4430.04,4411.25,4421.25,0
2026-08-12 16:00:00,4421.14,4426.5,4396.74,4401.8,0
2026-08-12 17:00:00,4401.72,4411.56,4399.15,4399.46,0
2026-08-12 18:00:00,4399.56,4417.97,4396.6,4413.15,0
2026-08-12 19:00:00,4413.15,4418.44,4408.37,4413.63,0
2026-08-12 20:00:00,4413.91,4414.23,4406.73,4408.85,0
2026-08-12 22:00:00,4411.31,4411.31,4398.44,4402.48,0
2026-08-12 23:00:00,4402.23,4414.47,4401.82,4414.47,0
2026-08-13 00:00:00,4414.51,4449.7,4413.25,4428.27,0
2026-08-13 01:00:00,4428.0,4435.42,4406.32,4408.89,0
2026-08-13 02:00:00,4408.56,4414.15,4399.3,4407.37,0
2026-08-13 03:00:00,4407.21,4412.23,4398.81,4400.43,0
2026-08-13 04:00:00,4400.37,4400.37,4391.93,4397.98,0
2026-08-13 05:00:00,4397.97,4407.25,4380.74,4382.98,0
2026-08-13 06:00:00,4383.15,4385.63,4369.29,4380.78,0
2026-08-13 07:00:00,4381.02,4381.81,4369.49,4370.01,0
2026-08-13 08:00:00,4370.01,4379.26,4364.28,4376.01,0
2026-08-13 09:00:00,4375.98,4384.95,4372.72,4384.46,0
2026-08-13 10:00:00,4384.59,4393.84,4381.57,4392.13,0
2026-08-13 11:00:00,4392.14,4396.44,4383.06,4387.68,0
2026-08-13 12:00:00,4387.78,4401.76,4381.22,4401.74,0
2026-08-13 13:00:00,4401.93,4401.93,4371.1,4372.47,0
2026-08-13 14:00:00,4372.92,4386.98,4358.46,4383.68,0
2026-08-13 15:00:00,4383.72,4385.64,4357.78,4365.14,0
2026-08-13 16:00:00,4365.16,4368.39,4351.45,4367.08,0
2026-08-13 17:00:00,4367.11,4373.4,4355.77,4355.98,0
2026-08-13 18:00:00,4356.0,4363.61,4354.82,4357.07,0
2026-08-13 19:00:00,4357.06,4358.93,4344.09,4350.44,0
2026-08-13 20:00:00,4350.27,4352.3,4347.14,4351.23,0
2026-08-13 22:00:00,4354.57,4362.67,4352.2,4354.75,0
2026-08-13 23:00:00,4354.84,4364.21,4349.28,4356.76,0
2026-08-14 00:00:00,4356.68,4361.98,4329.7,4341.0,0
2026-08-14 01:00:00,4341.15,4341.51,4312.68,4318.38,0
2026-08-14 02:00:00,4318.29,4322.85,4311.29,4315.71,0
2026-08-14 03:00:00,4315.74,4328.19,4313.89,4323.7,0
2026-08-14 04:00:00,4323.67,4327.86,4322.91,4326.73,0
2026-08-14 05:00:00,4327.01,4333.51,4311.21,4333.47,0
2026-08-14 06:00:00,4333.7,4336.72,4328.14,4335.8,0
2026-08-14 07:00:00,4335.72,4345.31,4330.05,4343.75,0
2026-08-14 08:00:00,4343.78,4349.75,4342.05,4348.64,0
2026-08-14 09:00:00,4348.71,4357.52,4346.24,4357.22,0
2026-08-14 10:00:00,4357.25,4358.71,4348.45,4349.4,0
2026-08-14 11:00:00,4349.4,4369.42,4348.62,4369.23,0
2026-08-14 12:00:00,4369.25,4386.87,4367.22,4373.81,0
2026-08-14 13:00:00,4373.72,4397.02,4370.53,4384.66,0
2026-08-14 14:00:00,4384.7,4394.57,4379.04,4381.33,0
2026-08-14 15:00:00,4381.51,4394.73,4379.29,4391.61,0
2026-08-14 16:00:00,4391.72,4396.53,4380.44,4385.94,0
2026-08-14 17:00:00,4385.97,4386.52,4376.44,4378.48,0
2026-08-14 18:00:00,4378.56,4382.8,4371.24,4373.73,0
2026-08-14 19:00:00,4373.6,4379.97,4372.42,4376.19,0
2026-08-14 20:00:00,4376.19,4376.97,4371.62,4376.05,0
2026-08-17 00:00:00,4370.36,4402.1,4368.3,4400.78,0
2026-08-17 01:00:00,4400.95,4416.5,4392.2,4395.71,0
2026-08-17 02:00:00,4395.75,4398.36,4388.59,4393.25,0
2026-08-17 03:00:00,4393.2,4397.75,4388.28,4397.12,0
2026-08-17 04:00:00,4397.18,4399.51,4389.08,4390.81,0
2026-08-17 05:00:00,4390.82,4401.26,4387.14,4394.83,0
2026-08-17 06:00:00,4394.86,4404.57,4392.94,4403.1,0
2026-08-17 07:00:00,4403.14,4411.28,4396.15,4405.23,0
2026-08-17 08:00:00,4405.31,4405.31,4392.67,4394.95,0
2026-08-17 09:00:00,4395.14,4400.67,4392.74,4395.53,0
2026-08-17 10:00:00,4395.64,4405.69,4392.02,4399.03,0
2026-08-17 11:00:00,4399.06,4404.91,4395.72,4396.96,0
2026-08-17 12:00:00,4396.91,4398.79,4377.43,4385.09,0
2026-08-17 13:00:00,4384.99,4416.01,4382.1,4408.76,0
2026-08-17 14:00:00,4408.76,4427.49,4403.98,4417.17,0
2026-08-17 15:00:00,4417.36,4427.82,4415.38,4427.68,0
2026-08-17 16:00:00,4427.68,4428.87,4422.72,4424.27,0
2026-08-17 17:00:00,4424.27,4426.12,4411.42,4413.69,0
2026-08-17 18:00:00,4413.75,4416.09,4398.85,4406.58,0
2026-08-17 19:00:00,4406.72,4421.01,4400.36,4420.06,0
2026-08-17 20:00:00,4419.95,4421.32,4414.64,4415.9,0
2026-08-17 22:00:00,4418.96,4419.51,4410.55,4411.87,0
2026-08-17 23:00:00,4411.81,4426.02,4409.83,4426.0,0
2026-08-18 00:00:00,4425.99,4435.01,4419.11,4434.77,0
2026-08-18 01:00:00,4434.74,4436.15,4404.41,4408.08,0
2026-08-18 02:00:00,4408.1,4408.1,4394.33,4400.21,0
2026-08-18 03:00:00,4400.06,4404.14,4390.75,4391.99,0
2026-08-18 04:00:00,4392.0,4395.53,4389.36,4393.54,0
2026-08-18 05:00:00,4393.71,4397.55,4386.33,4394.13,0
2026-08-18 06:00:00,4394.42,4400.02,4387.72,4398.78,0
2026-08-18 07:00:00,4398.88,4403.75,4395.58,4395.67,0
2026-08-18 08:00:00,4395.7,4398.63,4387.05,4393.39,0
2026-08-18 09:00:00,4393.39,4394.99,4387.11,4393.4,0
2026-08-18 10:00:00,4393.38,4399.64,4389.84,4397.68,0
2026-08-18 11:00:00,4397.73,4398.62,4388.71,4396.14,0
2026-08-18 12:00:00,4396.06,4400.66,4390.13,4395.01,0
2026-08-18 13:00:00,4394.31,4406.37,4377.63,4394.81,0
2026-08-18 14:00:00,4394.68,4406.54,4364.0,4366.55,0
2026-08-18 15:00:00,4366.74,4377.54,4351.81,4365.04,0
2026-08-18 16:00:00,4365.0,4371.84,4363.17,4364.14,0
2026-08-18 17:00:00,4363.99,4368.29,4356.87,4357.74,0
2026-08-18 18:00:00,4357.76,4361.02,4352.79,4354.28,0
2026-08-18 19:00:00,4354.35,4358.8,4338.85,4345.52,0
2026-08-18 20:00:00,4345.65,4346.52,4329.37,4339.23,0
2026-08-18 22:00:00,4338.78,4343.51,4332.86,4333.93,0
2026-08-18 23:00:00,4333.91,4338.45,4327.33,4333.1,0
2026-08-19 00:00:00,4333.1,4347.27,4331.75,4338.23,0
2026-08-19 01:00:00,4338.16,4357.65,4324.94,4356.51,0
2026-08-19 02:00:00,4356.58,4362.0,4351.72,4355.07,0
2026-08-19 03:00:00,4355.07,4360.43,4352.01,4355.0,0
2026-08-19 04:00:00,4354.99,4356.22,4344.15,4348.55,0
2026-08-19 05:00:00,4348.57,4350.73,4335.27,4335.75,0
2026-08-19 06:00:00,4335.74,4349.47,4335.45,4349.2,0
2026-08-19 07:00:00,4349.17,4363.2,4347.58,4354.87,0
2026-08-19 08:00:00,4354.89,4363.11,4351.27,4355.72,0
2026-08-19 09:00:00,4355.73,4362.03,4353.55,4362.01,0
2026-08-19 10:00:00,4362.01,4369.56,4359.69,4367.35,0
2026-08-19 11:00:00,4367.39,4374.13,4363.38,4364.76,0
2026-08-19 12:00:00,4364.74,4442.03,4362.13,4438.63,0
2026-08-19 13:00:00,4438.81,4466.18,4424.66,4459.58,0
2026-08-19 14:00:00,4459.76,4498.5,4455.83,4488.35,0
2026-08-19 15:00:00,4488.34,4494.11,4478.45,4493.91,0
2026-08-19 16:00:00,4493.94,4499.26,4490.77,4493.92,0
2026-08-19 17:00:00,4493.49,4499.07,4484.54,4486.74,0
2026-08-19 18:00:00,4486.98,4496.69,4472.34,4494.98,0
2026-08-19 19:00:00,4495.16,4512.31,4494.59,4511.63,0
2026-08-19 20:00:00,4511.37,4524.34,4505.28,4522.3,0
2026-08-19 22:00:00,4523.36,4527.14,4516.82,4518.89,0
2026-08-19 23:00:00,4518.93,4523.68,4511.47,4511.81,0
2026-08-20 00:00:00,4511.81,4520.97,4504.11,4504.89,0
2026-08-20 01:00:00,4504.73,4509.47,4484.58,4489.61,0
2026-08-20 02:00:00,4489.79,4499.72,4488.75,4490.7,0
2026-08-20 03:00:00,4490.81,4500.94,4488.15,4498.86,0
2026-08-20 04:00:00,4498.94,4499.34,4486.57,4488.58,0
2026-08-20 05:00:00,4488.61,4494.06,4478.07,4481.44,0
2026-08-20 06:00:00,4481.37,4496.0,4480.18,4493.88,0
2026-08-20 07:00:00,4493.9,4493.9,4483.68,4491.0,0
2026-08-20 08:00:00,4491.0,4498.75,4487.41,4489.34,0
2026-08-20 09:00:00,4489.41,4493.99,4482.0,4483.81,0
2026-08-20 10:00:00,4482.85,4494.79,4480.97,4490.11,0
2026-08-20 11:00:00,4490.17,4491.34,4465.85,4467.05,0
2026-08-20 12:00:00,4467.08,4477.13,4450.85,4474.95,0
2026-08-20 13:00:00,4474.91,4489.34,4469.52,4481.59,0
2026-08-20 14:00:00,4481.74,4516.24,4481.23,4515.95,0
2026-08-20 15:00:00,4516.0,4540.88,4510.26,4521.56,0
2026-08-20 16:00:00,4521.7,4524.77,4502.98,4510.09,0
2026-08-20 17:00:00,4510.14,4520.59,4507.91,4520.0,0
2026-08-20 18:00:00,4520.01,4525.3,4508.49,4522.13,0
2026-08-20 19:00:00,4522.09,4532.08,4518.31,4528.69,0
2026-08-20 20:00:00,4528.81,4529.1,4516.99,4517.11,0
2026-08-20 22:00:00,4517.56,4524.52,4517.13,4524.34,0
2026-08-20 23:00:00,4524.33,4532.91,4521.11,4526.44,0
2026-08-21 00:00:00,4526.43,4527.46,4510.04,4510.71,0
2026-08-21 01:00:00,4510.59,4543.1,4509.04,4530.68,0
2026-08-21 02:00:00,4530.74,4542.76,4518.51,4533.72,0
2026-08-21 03:00:00,4533.84,4538.05,4526.86,4535.54,0
2026-08-21 04:00:00,4535.54,4548.03,4535.54,4540.67,0
2026-08-21 05:00:00,4540.71,4556.33,4529.66,4553.71,0
2026-08-21 06:00:00,4553.64,4567.55,4545.68,4561.15,0
2026-08-21 07:00:00,4561.07,4568.01,4558.84,4564.37,0
2026-08-21 08:00:00,4564.31,4585.0,4559.41,4584.3,0
2026-08-21 09:00:00,4584.23,4601.8,4580.53,4582.62,0
2026-08-21 10:00:00,4582.66,4594.1,4578.26,4588.53,0
2026-08-21 11:00:00,4588.57,4604.46,4587.28,4596.74,0
2026-08-21 12:00:00,4597.14,4601.55,4563.64,4578.14,0
2026-08-21 13:00:00,4578.07,4592.51,4573.63,4581.05,0
2026-08-21 14:00:00,4581.11,4603.71,4580.16,4591.06,0
2026-08-21 15:00:00,4591.67,4615.28,4587.46,4614.7,0
2026-08-21 16:00:00,4614.73,4629.14,4609.33,4629.09,0
2026-08-21 17:00:00,4628.9,4632.18,4615.51,4620.89,0
2026-08-21 18:00:00,4620.62,4627.72,4619.62,4624.4,0
2026-08-21 19:00:00,4624.44,4625.54,4615.8,4616.65,0
2026-08-21 20:00:00,4617.05,4617.65,4603.39,4605.02,0
2026-08-24 00:00:00,4624.2,4640.86,4595.66,4621.77,0
2026-08-24 01:00:00,4621.89,4637.58,4608.22,4632.41,0
2026-08-24 02:00:00,4632.23,4656.49,4627.63,4643.43,0
2026-08-24 03:00:00,4643.78,4650.15,4633.64,4641.69,0
2026-08-24 04:00:00,4641.69,4642.69,4632.72,4639.0,0
2026-08-24 05:00:00,4638.99,4646.6,4630.05,4640.74,0
2026-08-24 06:00:00,4640.84,4659.87,4639.58,4650.26,0
2026-08-24 07:00:00,4650.04,4654.42,4630.66,4641.74,0
2026-08-24 08:00:00,4641.67,4646.07,4629.09,4638.15,0
2026-08-24 09:00:00,4638.09,4645.95,4633.12,4645.74,0
2026-08-24 10:00:00,4645.88,4650.02,4641.95,4643.46,0
2026-08-24 11:00:00,4643.42,4670.07,4639.33,4657.72,0
2026-08-24 12:00:00,4657.95,4667.93,4646.52,4662.96,0
2026-08-24 13:00:00,4662.89,4680.78,4656.6,4665.07,0
2026-08-24 14:00:00,4664.82,4678.66,4655.78,4670.67,0
2026-08-24 15:00:00,4670.44,4679.02,4640.13,4649.33,0
2026-08-24 16:00:00,4649.32,4662.28,4642.39,4644.94,0
2026-08-24 17:00:00,4645.01,4655.26,4630.71,4636.84,0
2026-08-24 18:00:00,4636.72,4642.25,4625.41,4636.65,0
2026-08-24 19:00:00,4636.7,4655.69,4636.05,4651.68,0
2026-08-24 20:00:00,4651.88,4655.26,4647.33,4652.03,0
2026-08-24 22:00:00,4653.33,4668.52,4651.52,4667.87,0
2026-08-24 23:00:00,4667.81,4682.46,4666.96,4680.05,0
2026-08-25 00:00:00,4679.98,4696.76,4675.58,4684.49,0
2026-08-25 01:00:00,4684.66,4685.43,4656.79,4657.76,0
2026-08-25 02:00:00,4658.21,4661.42,4619.59,4629.28,0
2026-08-25 03:00:00,4629.64,4641.43,4622.68,4633.81,0
2026-08-25 04:00:00,4633.81,4637.76,4624.05,4625.91,0
2026-08-25 05:00:00,4626.01,4647.87,4624.32,4642.98,0
2026-08-25 06:00:00,4643.11,4653.53,4637.27,4638.29,0
2026-08-25 07:00:00,4638.38,4643.77,4630.02,4630.28,0
2026-08-25 08:00:00,4630.25,4645.43,4620.31,4630.54,0
2026-08-25 09:00:00,4630.45,4642.57,4624.29,4636.65,0
2026-08-25 10:00:00,4636.46,4642.37,4633.12,4639.54,0
2026-08-25 11:00:00,4639.35,4647.4,4637.68,4642.55,0
2026-08-25 12:00:00,4642.52,4644.12,4630.41,4640.94,0
2026-08-25 13:00:00,4640.92,4640.92,4605.45,4616.63,0
2026-08-25 14:00:00,4616.63,4640.07,4613.98,4635.51,0
2026-08-25 15:00:00,4635.67,4659.4,4630.46,4652.74,0
2026-08-25 16:00:00,4652.73,4653.4,4637.15,4643.47,0
2026-08-25 17:00:00,4643.55,4648.45,4634.31,4648.42,0
2026-08-25 18:00:00,4648.49,4655.1,4644.39,4654.64,0
2026-08-25 19:00:00,4654.65,4667.78,4653.51,4667.09,0
2026-08-25 20:00:00,4666.97,4669.06,4657.25,4657.32,0
2026-08-25 22:00:00,4657.7,4673.78,4656.12,4672.73,0
2026-08-25 23:00:00,4672.71,4673.52,4653.39,4655.17,0
2026-08-26 00:00:00,4654.92,4657.55,4634.59,4637.44,0
2026-08-26 01:00:00,4637.5,4660.94,4630.44,4657.0,0
2026-08-26 02:00:00,4657.17,4670.74,4655.17,4658.42,0
2026-08-26 03:00:00,4658.5,4658.55,4642.67,4643.37,0
2026-08-26 04:00:00,4642.85,4644.31,4638.95,4640.62,0
2026-08-26 05:00:00,4640.73,4649.56,4635.68,4639.57,0
2026-08-26 06:00:00,4639.74,4641.34,4624.88,4634.2,0
2026-08-26 07:00:00,4634.3,4639.4,4626.66,4629.27,0
2026-08-26 08:00:00,4629.09,4630.67,4622.37,4628.36,0
2026-08-26 09:00:00,4628.37,4630.93,4616.38,4623.33,0
2026-08-26 10:00:00,4623.31,4624.21,4613.53,4620.34,0
2026-08-26 11:00:00,4620.32,4624.94,4616.6,4624.64,0
2026-08-26 12:00:00,4624.7,4632.79,4611.5,4614.77,0
2026-08-26 13:00:00,4614.58,4632.0,4598.66,4631.51,0
2026-08-26 14:00:00,4631.63,4633.36,4603.2,4603.2,0
2026-08-26 15:00:00,4603.09,4609.34,4583.24,4596.11,0
2026-08-26 16:00:00,4596.2,4601.59,4585.96,4591.61,0
2026-08-26 17:00:00,4591.68,4602.32,4590.83,4597.86,0
2026-08-26 18:00:00,4597.87,4604.52,4592.6,4593.93,0
2026-08-26 19:00:00,4593.93,4601.74,4591.22,4594.15,0
2026-08-26 20:00:00,4594.38,4596.71,4584.28,4592.68,0
2026-08-26 22:00:00,4596.83,4613.4,4596.43,4609.41,0
2026-08-26 22:32:52,4610.85,4612.23,4607.07,4609.41,0
2026-08-26 23:00:00,4609.43,4624.92,4607.2,4623.65,0
2026-08-27 00:00:00,4623.64,4627.08,4600.73,4605.21,0
2026-08-27 01:00:00,4605.19,4640.86,4602.89,4640.08,0
2026-08-27 02:00:00,4640.14,4643.0,4623.77,4629.65,0
2026-08-27 03:00:00,4629.7,4638.66,4624.48,4625.51,0
2026-08-27 04:00:00,4625.59,4627.35,4617.45,4618.81,0
2026-08-27 05:00:00,4618.85,4621.65,4601.17,4606.93,0
2026-08-27 06:00:00,4607.12,4611.82,4598.12,4600.6,0
2026-08-27 07:00:00,4600.35,4605.91,4593.89,4599.89,0
2026-08-27 08:00:00,4600.31,4606.87,4594.96,4599.08,0
2026-08-27 09:00:00,4599.1,4600.69,4579.14,4580.4,0
2026-08-27 10:00:00,4580.4,4590.59,4569.24,4590.09,0
2026-08-27 11:00:00,4590.19,4600.38,4587.39,4598.44,0
2026-08-27 12:00:00,4598.32,4601.14,4580.62,4586.14,0
2026-08-27 13:00:00,4585.9,4593.24,4565.67,4572.95,0
2026-08-27 14:00:00,4572.43,4598.22,4568.54,4591.3,0
2026-08-27 15:00:00,4591.34,4611.22,4588.91,4610.38,0
2026-08-27 16:00:00,4610.55,4616.68,4602.53,4615.03,0
2026-08-27 17:00:00,4615.01,4616.52,4605.21,4606.54,0
2026-08-27 18:00:00,4606.54,4611.24,4601.15,4610.4,0
2026-08-27 19:00:00,4610.44,4617.9,4604.34,4609.54,0
2026-08-27 20:00:00,4609.44,4609.6,4600.16,4601.26,0
2026-08-27 22:00:00,4603.71,4610.91,4601.44,4610.81,0
2026-08-27 23:00:00,4610.81,4611.51,4594.42,4594.65,0
2026-08-28 00:00:00,4594.53,4602.56,4585.82,4588.82,0
2026-08-28 01:00:00,4588.83,4601.99,4575.53,4575.96,0
2026-08-28 02:00:00,4575.95,4589.68,4575.22,4586.35,0
2026-08-28 03:00:00,4586.45,4590.1,4578.73,4579.99,0
2026-08-28 04:00:00,4580.0,4585.39,4578.06,4584.38,0
2026-08-28 05:00:00,4584.43,4586.36,4571.74,4572.9,0
2026-08-28 06:00:00,4573.46,4613.08,4572.65,4612.56,0
2026-08-28 07:00:00,4612.72,4614.35,4596.87,4611.88,0
2026-08-28 08:00:00,4611.87,4614.57,4601.33,4602.98,0
2026-08-28 09:00:00,4602.98,4607.45,4600.73,4605.47,0
2026-08-28 10:00:00,4605.23,4609.97,4597.7,4600.19,0
2026-08-28 11:00:00,4600.25,4601.41,4591.43,4593.45,0
2026-08-28 12:00:00,4593.48,4603.69,4589.26,4602.02,0
2026-08-28 13:00:00,4601.72,4627.16,4593.85,4606.3,0
2026-08-28 14:00:00,4606.14,4630.76,4530.33,4577.02,0
2026-08-28 15:00:00,4576.87,4582.85,4524.58,4524.61,0
2026-08-28 16:00:00,4524.77,4529.36,4464.77,4479.52,0
2026-08-28 17:00:00,4479.49,4486.52,4460.76,4469.97,0
2026-08-28 18:00:00,4469.48,4471.62,4445.56,4457.28,0
2026-08-28 19:00:00,4457.03,4467.01,4453.24,4458.05,0
2026-08-28 20:00:00,4458.49,4462.86,4453.77,4454.47,0
2026-08-28 20:00:01,4458.75,4462.86,4453.77,4454.47,0
2026-08-31 00:00:00,4458.48,4472.09,4452.4,4456.37,0
2026-08-31 01:00:00,4456.46,4463.31,4436.1,4451.98,0
2026-08-31 01:00:01,4455.44,4463.31,4436.1,4440.38,0
2026-08-31 02:00:00,4440.28,4441.42,4396.78,4422.94,0
2026-08-31 03:00:00,4422.99,4433.85,4419.94,4422.68,0
2026-08-31 04:00:00,4422.68,4424.97,4413.14,4424.59,0
2026-08-31 05:00:00,4424.59,4443.81,4419.38,4442.88,0
2026-08-31 06:00:00,4442.99,4443.03,4429.44,4439.59,0
2026-08-31 07:00:00,4439.47,4448.26,4435.25,4446.98,0
2026-08-31 07:00:01,4439.65,4448.26,4435.25,4443.37,0
2026-08-31 08:00:00,4443.32,4449.57,4433.95,4435.68,0
2026-08-31 09:00:00,4435.67,4445.51,4435.67,4445.31,0
2026-08-31 10:00:00,4445.35,4455.54,4444.94,4453.98,0
2026-08-31 11:00:00,4453.97,4464.07,4452.62,4455.39,0
2026-08-31 12:00:00,4455.38,4460.91,4435.63,4435.86,0
2026-08-31 13:00:00,4435.85,4448.29,4415.82,4417.48,0
2026-08-31 14:00:00,4418.54,4436.24,4416.43,4431.74,0
2026-08-31 15:00:00,4431.72,4437.92,4428.32,4434.02,0
2026-08-31 15:00:01,4431.77,4437.92,4424.96,4426.7,0
2026-08-31 16:00:00,4426.33,4440.26,4423.94,4433.49,0
2026-08-31 17:00:00,4433.38,4440.12,4428.95,4436.7,0
2026-08-31 18:00:00,4436.65,4436.88,4426.42,4430.97,0
2026-08-31 19:00:00,4430.94,4453.69,4429.36,4452.95,0
2026-08-31 20:00:00,4453.4,4455.76,4446.6,4447.95,0
2026-08-31 20:00:01,4453.34,4455.76,4442.4,4442.4,0
2026-08-31 22:00:00,4445.19,4455.87,4445.19,4447.33,0
2026-08-31 23:00:00,4447.01,4452.47,4441.85,4452.29,0
2026-09-01 00:00:00,4452.34,4461.39,4446.62,4453.79,0
2026-09-01 01:00:00,4453.74,4456.97,4442.79,4443.18,0
2026-09-01 01:00:01,4453.79,4456.97,4436.54,4444.52,0
2026-09-01 02:00:00,4444.51,4449.17,4427.93,4443.01,0
2026-09-01 03:00:00,4443.19,4444.15,4431.91,4436.96,0
2026-09-01 04:00:00,4436.83,4437.78,4425.66,4426.92,0
2026-09-01 05:00:00,4426.77,4445.92,4424.31,4440.3,0
2026-09-01 06:00:00,4440.23,4440.56,4427.82,4434.1,0
2026-09-01 06:00:01,4440.0,4440.56,4427.82,4429.73,0
2026-09-01 07:00:00,4429.71,4434.99,4412.36,4420.18,0
2026-09-01 08:00:00,4420.24,4420.24,4369.75,4370.78,0
2026-09-01 09:00:00,4370.91,4378.21,4364.79,4364.81,0
2026-09-01 10:00:00,4364.78,4385.95,4364.46,4378.19,0
2026-09-01 11:00:00,4378.26,4387.3,4372.21,4375.01,0
2026-09-01 12:00:00,4374.59,4374.71,4369.92,4371.34,0
2026-09-01 12:00:01,4374.71,4376.02,4352.19,4356.55,0
2026-09-01 13:00:00,4356.44,4367.3,4326.35,4365.89,0
2026-09-01 14:00:00,4365.23,4375.58,4353.55,4360.43,0
2026-09-01 15:00:00,4360.42,4373.84,4355.45,4372.92,0
2026-09-01 16:00:00,4372.93,4374.61,4347.32,4354.32,0
2026-09-01 16:00:01,4373.12,4374.61,4347.32,4351.39,0
2026-09-01 17:00:00,4351.39,4351.91,4341.17,4342.98,0
2026-09-01 18:00:00,4343.03,4344.54,4328.52,4332.1,0
2026-09-01 19:00:00,4331.87,4337.71,4328.18,4329.13,0
2026-09-01 19:00:01,4331.71,4337.71,4323.13,4327.08,0
2026-09-01 20:00:00,4327.1,4330.83,4323.88,4328.81,0
2026-09-01 22:00:00,4332.26,4334.91,4329.18,4329.43,0
2026-09-01 22:00:01,4332.26,4334.91,4326.52,4329.44,0
2026-09-01 23:00:00,4329.43,4335.64,4323.93,4324.26,0
2026-09-02 00:00:00,4324.49,4332.52,4316.6,4332.52,0
2026-09-02 00:00:01,4324.74,4334.45,4314.89,4316.06,0
2026-09-02 01:00:00,4315.96,4326.66,4288.49,4291.03,0
2026-09-02 02:00:00,4291.06,4314.58,4287.45,4302.94,0
2026-09-02 03:00:00,4302.93,4304.18,4282.76,4303.39,0
2026-09-02 04:00:00,4303.36,4307.77,4301.56,4306.07,0
2026-09-02 04:00:01,4303.39,4307.77,4301.56,4307.35,0
2026-09-02 05:00:00,4307.39,4326.54,4303.83,4319.78,0
2026-09-02 06:00:00,4320.03,4329.23,4314.72,4321.57,0
2026-09-02 07:00:00,4321.76,4331.36,4319.39,4323.33,0
2026-09-02 08:00:00,4323.23,4331.64,4312.77,4312.97,0
2026-09-02 09:00:00,4312.96,4322.29,4305.07,4308.68,0
2026-09-02 09:00:01,4312.92,4322.29,4305.07,4308.59,0
2026-09-02 10:00:00,4308.58,4312.21,4301.89,4309.17,0
2026-09-02 11:00:00,4309.34,4332.94,4307.95,4332.37,0
2026-09-02 12:00:00,4332.38,4344.1,4327.62,4331.78,0
2026-09-02 13:00:00,4331.53,4385.23,4331.01,4385.08,0
2026-09-02 14:00:00,4385.43,4397.39,4379.23,4390.44,0
2026-09-02 14:00:01,4385.2,4397.39,4374.41,4376.9,0
2026-09-02 15:00:00,4377.01,4380.88,4364.75,4373.19,0
2026-09-02 16:00:00,4373.17,4374.8,4364.61,4368.38,0
2026-09-02 17:00:00,4368.38,4380.57,4364.7,4376.1,0
2026-09-02 17:00:01,4368.53,4380.57,4364.7,4377.07,0
2026-09-02 18:00:00,4377.02,4379.81,4369.34,4373.69,0
2026-09-02 19:00:00,4374.22,4391.29,4371.99,4391.11,0
2026-09-02 20:00:00,4391.1,4391.53,4384.25,4390.39,0
2026-09-02 20:00:01,4391.27,4391.53,4384.25,4387.46,0
2026-09-02 22:00:00,4391.23,4393.31,4383.74,4384.71,0
2026-09-02 23:00:00,4384.68,4386.86,4384.34,4385.37,0
2026-09-02 23:00:01,4385.24,4388.87,4381.32,4385.68,0
2026-09-03 00:00:00,4385.7,4396.92,4382.62,4395.67,0
2026-09-03 01:00:00,4395.61,4400.45,4387.7,4398.85,0
2026-09-03 01:00:01,4396.82,4412.47,4387.7,4410.41,0
2026-09-03 02:00:00,4410.47,4420.54,4407.1,4420.29,0
2026-09-03 03:00:00,4420.47,4432.62,4419.55,4431.66,0
2026-09-03 04:00:00,4431.54,4438.41,4425.86,4437.51,0
2026-09-03 05:00:00,4437.47,4440.36,4422.85,4438.72,0
2026-09-03 05:00:01,4437.48,4440.36,4422.85,4430.67,0
2026-09-03 06:00:00,4431.23,4436.27,4418.92,4420.91,0
2026-09-03 07:00:00,4420.75,4431.52,4419.38,4428.86,0
2026-09-03 08:00:00,4428.86,4443.41,4428.23,4435.11,0
2026-09-03 09:00:00,4435.06,4441.96,4425.85,4427.65,0
2026-09-03 10:00:00,4427.66,4429.92,4425.61,4428.48,0
2026-09-03 10:00:01,4427.68,4429.92,4419.24,4427.8,0
2026-09-03 11:00:00,4427.41,4444.94,4425.19,4444.26,0
2026-09-03 12:00:00,4444.27,4495.08,4438.11,4493.39,0
2026-09-03 13:00:00,4493.51,4495.88,4457.19,4470.97,0
2026-09-03 14:00:00,4470.9,4480.91,4460.38,4471.59,0
2026-09-03 14:00:01,4467.34,4485.25,4460.38,4485.25,0
2026-09-03 15:00:00,4485.44,4510.72,4484.37,4493.34,0
2026-09-03 16:00:00,4493.33,4495.54,4485.68,4486.06,0
2026-09-03 17:00:00,4486.29,4494.75,4483.46,4486.88,0
2026-09-03 18:00:00,4486.69,4487.79,4486.69,4487.7,0
2026-09-03 18:00:01,4486.85,4489.81,4474.13,4475.04,0
2026-09-03 19:00:00,4475.28,4480.86,4472.77,4474.42,0
2026-09-03 20:00:00,4475.19,4475.68,4470.54,4473.49,0
2026-09-03 20:00:01,4475.45,4475.68,4470.54,4474.03,0
2026-09-03 22:00:00,4472.62,4478.79,4471.46,4474.03,0
2026-09-03 22:00:01,4472.62,4478.79,4471.46,4475.1,0
2026-09-03 23:00:00,4474.59,4480.26,4471.81,4480.14,0
2026-09-04 00:00:00,4480.16,4483.39,4474.63,4476.71,0
2026-09-04 00:00:01,4480.08,4487.08,4472.98,4486.66,0
2026-09-04 01:00:00,4486.44,4486.78,4467.26,4478.98,0
2026-09-04 02:00:00,4478.97,4482.63,4470.34,4477.22,0
2026-09-04 03:00:00,4477.44,4478.73,4467.18,4467.2,0
2026-09-04 04:00:00,4467.15,4474.97,4465.67,4474.05,0
2026-09-04 04:00:01,4467.1,4474.97,4465.67,4473.93,0
2026-09-04 05:00:00,4473.81,4477.64,4467.13,4472.12,0
2026-09-04 06:00:00,4472.13,4473.46,4460.24,4462.94,0
2026-09-04 07:00:00,4463.05,4490.72,4462.48,4483.4,0
2026-09-04 08:00:00,4483.46,4486.4,4474.64,4477.85,0
2026-09-04 09:00:00,4477.85,4479.24,4464.1,4464.43,0
2026-09-04 09:00:01,4477.96,4479.24,4464.07,4465.66,0
2026-09-04 10:00:00,4465.7,4476.5,4465.7,4472.83,0
2026-09-04 11:00:00,4472.91,4473.42,4465.44,4467.04,0
2026-09-04 12:00:00,4467.05,4475.94,4380.37,4394.18,0
2026-09-04 13:00:00,4393.92,4420.39,4365.79,4415.58,0
2026-09-04 13:00:01,4393.5,4434.52,4365.79,4413.71,0
2026-09-04 14:00:00,4413.41,4442.3,4412.26,4427.57,0
2026-09-04 15:00:00,4427.55,4448.9,4422.9,4436.43,0
2026-09-04 16:00:00,4436.7,4443.33,4432.55,4436.66,0
2026-09-04 17:00:00,4436.43,4436.43,4430.28,4431.94,0
